AWB,Date
14345160056078,06-03-2026
14345160053493,06-03-2026
14345160053484,06-03-2026
14345160053479,06-03-2026
14345160048251,06-03-2026
14345160048242,06-03-2026
14345160048240,06-03-2026
14345160048235,06-03-2026
14345160041738,06-03-2026
14345160061574,10-03-2026
14345160058644,10-03-2026
14345160058643,10-03-2026
14344960733337,10-03-2026
14345160058639,10-03-2026
14344960733334,10-03-2026
14345160058638,10-03-2026
14345160058637,10-03-2026
14344960729604,10-03-2026
14345160056116,10-03-2026
14345160056115,10-03-2026
14345160056108,10-03-2026
14345160056089,10-03-2026
14344960718506,10-03-2026
14345160056084,10-03-2026
14345160056077,10-03-2026
14344960704513,10-03-2026
14345160053494,10-03-2026
14344960686779,10-03-2026
14345160072685,13-03-2026
14345160072664,13-03-2026
14345160068546,13-03-2026
14345160065719,13-03-2026
14344960773823,13-03-2026
14345160065678,13-03-2026
14344960773793,13-03-2026
14344960773759,13-03-2026
14344960733304,13-03-2026
14344960718494,13-03-2026
14344960686893,13-03-2026
14345160048243,13-03-2026
14345160045213,13-03-2026
14345160072724,17-03-2026
14345160072686,17-03-2026
14345160069262,17-03-2026
14344960786683,17-03-2026
14345160068558,17-03-2026
14345160068557,17-03-2026
14344960786645,17-03-2026
14345160068545,17-03-2026
14344960786601,17-03-2026
14344960773863,17-03-2026
14345160065704,17-03-2026
14345160065700,17-03-2026
14345160065677,17-03-2026
14344960773780,17-03-2026
14345160065667,17-03-2026
14344960686835,17-03-2026
14344960827329,20-03-2026
14344960827297,20-03-2026
14345160076577,20-03-2026
14345160069261,20-03-2026
14345160069253,20-03-2026
14345160065701,24-03-2026
14345160118439,31-03-2026
14345160118435,31-03-2026
14345160118358,31-03-2026
14344961116149,02-04-2026
14344961071860,02-04-2026
14344961070592,02-04-2026
14345160140936,07-04-2026
14345160140934,07-04-2026
14345160136288,07-04-2026
14345160131300,07-04-2026
14344961143108,07-04-2026
14344961142588,07-04-2026
14345160130786,07-04-2026
14345160130782,07-04-2026
14345160129130,07-04-2026
14344961127632,07-04-2026
14345160128553,07-04-2026
14344961095723,07-04-2026
14344961080062,07-04-2026
14344961241174,10-04-2026
14344961237462,10-04-2026
14345160144881,10-04-2026
14344961192348,10-04-2026
14345160140935,10-04-2026
14344961159049,10-04-2026
14345160160606,13-04-2026
14345160160087,13-04-2026
14345160156708,13-04-2026
14344961238107,13-04-2026
14345160175097,17-04-2026
14344961304796,17-04-2026
14344961304697,17-04-2026
14344961305184,21-04-2026